V1,V2
0013_01,NA
0018_01,NA
0019_01,NA
0021_01,NA
0023_01,NA
0027_01,NA
0029_01,NA
0032_01,NA
0032_02,NA
0033_01,NA
0037_01,NA
0040_01,NA
0040_02,NA
0042_01,NA
0046_01,NA
0046_02,NA
0046_03,NA
0047_01,NA
0047_02,NA
0047_03,NA
0048_01,NA
0049_01,NA
0054_01,NA
0054_02,NA
0054_03,NA
0055_01,NA
0057_01,NA
0059_01,NA
0060_01,NA
0063_01,NA
0065_01,NA
0075_01,NA
0079_01,NA
0080_01,NA
0083_01,NA
0087_01,NA
0089_01,NA
0093_01,NA
0094_01,NA
0094_02,NA
0095_01,NA
0096_01,NA
0100_01,NA
0100_02,NA
0104_01,NA
0106_01,NA
0109_01,NA
0117_01,NA
0118_01,NA
0121_01,NA
0124_01,NA
0125_01,NA
0125_02,NA
0130_01,NA
0131_01,NA
0132_01,NA
0135_01,NA
0137_01,NA
0142_01,NA
0142_02,NA
0142_03,NA
0143_01,NA
0145_01,NA
0150_01,NA
0150_02,NA
0153_01,NA
0154_01,NA
0155_01,NA
0156_01,NA
0157_01,NA
0158_01,NA
0158_02,NA
0159_01,NA
0161_01,NA
0162_01,NA
0166_01,NA
0168_01,NA
0175_01,NA
0175_02,NA
0175_03,NA
0175_04,NA
0175_05,NA
0176_01,NA
0180_01,NA
0184_01,NA
0185_01,NA
0187_01,NA
0191_01,NA
0194_01,NA
0194_02,NA
0194_03,NA
0204_01,NA
0208_01,NA
0209_01,NA
0214_01,NA
0214_02,NA
0215_01,NA
0218_01,NA
0226_01,NA
0227_01,NA
0228_01,NA
0228_02,NA
0228_03,NA
0228_04,NA
0230_01,NA
0230_02,NA
0235_01,NA
0236_01,NA
0238_01,NA
0247_01,NA
0247_02,NA
0249_01,NA
0256_01,NA
0259_01,NA
0262_01,NA
0264_01,NA
0264_02,NA
0264_03,NA
0266_01,NA
0266_02,NA
0268_01,NA
0268_02,NA
0271_01,NA
0272_01,NA
0273_01,NA
0273_02,NA
0273_03,NA
0274_01,NA
0274_02,NA
0276_01,NA
0276_02,NA
0279_01,NA
0280_01,NA
0284_01,NA
0292_01,NA
0293_01,NA
0295_01,NA
0296_01,NA
0299_01,NA
0300_01,NA
0308_01,NA
0311_01,NA
0312_01,NA
0317_01,NA
0318_01,NA
0319_01,NA
0319_02,NA
0323_01,NA
0325_01,NA
0328_01,NA
0329_01,NA
0332_01,NA
0335_01,NA
0339_01,NA
0339_02,NA
0339_03,NA
0339_04,NA
0339_05,NA
0339_06,NA
0339_07,NA
0339_08,NA
0342_01,NA
0342_02,NA
0344_01,NA
0344_02,NA
0349_01,NA
0349_02,NA
0349_03,NA
0349_04,NA
0349_05,NA
0349_06,NA
0351_01,NA
0353_01,NA
0353_02,NA
0354_01,NA
0362_01,NA
0363_01,NA
0363_02,NA
0363_03,NA
0364_01,NA
0364_02,NA
0366_01,NA
0367_01,NA
0374_01,NA
0374_02,NA
0386_01,NA
0390_01,NA
0393_01,NA
0394_01,NA
0399_01,NA
0400_01,NA
0404_01,NA
0406_01,NA
0414_01,NA
0416_01,NA
0418_01,NA
0419_01,NA
0419_02,NA
0419_03,NA
0420_01,NA
0421_01,NA
0422_01,NA
0424_01,NA
0426_01,NA
0440_01,NA
0443_01,NA
0450_01,NA
0451_01,NA
0455_01,NA
0464_01,NA
0467_01,NA
0467_02,NA
0467_03,NA
0467_04,NA
0469_01,NA
0473_01,NA
0478_01,NA
0478_02,NA
0479_01,NA
0483_01,NA
0483_02,NA
0484_01,NA
0486_01,NA
0489_01,NA
0489_02,NA
0491_01,NA
0492_01,NA
0493_01,NA
0494_01,NA
0494_02,NA
0495_01,NA
0495_02,NA
0495_03,NA
0495_04,NA
0495_05,NA
0495_06,NA
0496_01,NA
0496_02,NA
0497_01,NA
0505_01,NA
0508_01,NA
0509_01,NA
0511_01,NA
0514_01,NA
0524_01,NA
0526_01,NA
0530_01,NA
0530_02,NA
0530_03,NA
0532_01,NA
0532_02,NA
0535_01,NA
0536_01,NA
0536_02,NA
0541_01,NA
0543_01,NA
0544_01,NA
0554_01,NA
0557_01,NA
0557_02,NA
0558_01,NA
0562_01,NA
0562_02,NA
0574_01,NA
0578_01,NA
0578_02,NA
0584_01,NA
0584_02,NA
0592_01,NA
0595_01,NA
0601_01,NA
0604_01,NA
0605_01,NA
0606_01,NA
0613_01,NA
0613_02,NA
0616_01,NA
0617_01,NA
0620_01,NA
0620_02,NA
0620_03,NA
0621_01,NA
0622_01,NA
0624_01,NA
0625_01,NA
0625_02,NA
0625_03,NA
0626_01,NA
0626_02,NA
0626_03,NA
0627_01,NA
0632_01,NA
0632_02,NA
0632_03,NA
0640_01,NA
0640_02,NA
0648_01,NA
0648_02,NA
0649_01,NA
0651_01,NA
0652_01,NA
0652_02,NA
0652_03,NA
0652_04,NA
0652_05,NA
0654_01,NA
0662_01,NA
0666_01,NA
0666_02,NA
0667_01,NA
0670_01,NA
0670_02,NA
0673_01,NA
0675_01,NA
0676_01,NA
0681_01,NA
0692_01,NA
0694_01,NA
0695_01,NA
0698_01,NA
0700_01,NA
0706_01,NA
0708_01,NA
0708_02,NA
0711_01,NA
0716_01,NA
0717_01,NA
0717_02,NA
0717_03,NA
0717_04,NA
0717_05,NA
0717_06,NA
0717_07,NA
0720_01,NA
0720_02,NA
0720_03,NA
0721_01,NA
0722_01,NA
0723_01,NA
0725_01,NA
0730_01,NA
0731_01,NA
0731_02,NA
0735_01,NA
0739_01,NA
0741_01,NA
0742_01,NA
0742_02,NA
0744_01,NA
0745_01,NA
0747_01,NA
0748_01,NA
0748_02,NA
0749_01,NA
0751_01,NA
0752_01,NA
0755_01,NA
0758_01,NA
0758_02,NA
0758_03,NA
0759_01,NA
0759_02,NA
0759_03,NA
0760_01,NA
0763_01,NA
0763_02,NA
0766_01,NA
0774_01,NA
0774_02,NA
0774_03,NA
0775_01,NA
0775_02,NA
0775_03,NA
0775_04,NA
0775_05,NA
0775_06,NA
0778_01,NA
0778_02,NA
0780_01,NA
0783_01,NA
0792_01,NA
0800_01,NA
0801_01,NA
0803_01,NA
0804_01,NA
0807_01,NA
0810_01,NA
0812_01,NA
0814_01,NA
0821_01,NA
0827_01,NA
0827_02,NA
0827_03,NA
0831_01,NA
0832_01,NA
0837_01,NA
0837_02,NA
0838_01,NA
0838_02,NA
0841_01,NA
0842_01,NA
0843_01,NA
0844_01,NA
0847_01,NA
0852_01,NA
0854_01,NA
0855_01,NA
0856_01,NA
0857_01,NA
0858_01,NA
0858_02,NA
0861_01,NA
0862_01,NA
0864_01,NA
0864_02,NA
0864_03,NA
0866_01,NA
0872_01,NA
0880_01,NA
0880_02,NA
0882_01,NA
0884_01,NA
0884_02,NA
0886_01,NA
0886_02,NA
0886_03,NA
0887_01,NA
0887_02,NA
0888_01,NA
0888_02,NA
0891_01,NA
0892_01,NA
0892_02,NA
0892_03,NA
0894_01,NA
0895_01,NA
0896_01,NA
0897_01,NA
0897_02,NA
0900_01,NA
0908_01,NA
0909_01,NA
0909_02,NA
0909_03,NA
0914_01,NA
0916_01,NA
0917_01,NA
0920_01,NA
0929_01,NA
0934_01,NA
0936_01,NA
0937_01,NA
0943_01,NA
0943_02,NA
0943_03,NA
0945_01,NA
0945_02,NA
0948_01,NA
0950_01,NA
0954_01,NA
0958_01,NA
0959_01,NA
0962_01,NA
0963_01,NA
0967_01,NA
0973_01,NA
0974_01,NA
0977_01,NA
0980_01,NA
0981_01,NA
0981_02,NA
0986_01,NA
0986_02,NA
0996_01,NA
0999_01,NA
0999_02,NA
1003_01,NA
1007_01,NA
1009_01,NA
1010_01,NA
1016_01,NA
1021_01,NA
1023_01,NA
1028_01,NA
1037_01,NA
1039_01,NA
1042_01,NA
1044_01,NA
1050_01,NA
1055_01,NA
1059_01,NA
1059_02,NA
1061_01,NA
1064_01,NA
1064_02,NA
1067_01,NA
1069_01,NA
1070_01,NA
1072_01,NA
1072_02,NA
1072_03,NA
1072_04,NA
1072_05,NA
1072_06,NA
1072_07,NA
1072_08,NA
1073_01,NA
1074_01,NA
1074_02,NA
1081_01,NA
1087_01,NA
1090_01,NA
1090_02,NA
1092_01,NA
1098_01,NA
1101_01,NA
1103_01,NA
1104_01,NA
1106_01,NA
1106_02,NA
1107_01,NA
1109_01,NA
1111_01,NA
1111_02,NA
1111_03,NA
1118_01,NA
1118_02,NA
1118_03,NA
1118_04,NA
1118_05,NA
1119_01,NA
1119_02,NA
1120_01,NA
1122_01,NA
1124_01,NA
1124_02,NA
1124_03,NA
1125_01,NA
1125_02,NA
1126_01,NA
1128_01,NA
1128_02,NA
1131_01,NA
1135_01,NA
1135_02,NA
1135_03,NA
1135_04,NA
1137_01,NA
1137_02,NA
1138_01,NA
1139_01,NA
1143_01,NA
1145_01,NA
1145_02,NA
1145_03,NA
1145_04,NA
1151_01,NA
1157_01,NA
1158_01,NA
1158_02,NA
1159_01,NA
1159_02,NA
1159_03,NA
1160_01,NA
1164_01,NA
1171_01,NA
1172_01,NA
1176_01,NA
1181_01,NA
1183_01,NA
1183_02,NA
1183_03,NA
1184_01,NA
1184_02,NA
1189_01,NA
1194_01,NA
1196_01,NA
1196_02,NA
1200_01,NA
1201_01,NA
1201_02,NA
1202_01,NA
1204_01,NA
1205_01,NA
1207_01,NA
1207_02,NA
1207_03,NA
1207_04,NA
1209_01,NA
1209_02,NA
1217_01,NA
1217_02,NA
1219_01,NA
1219_02,NA
1224_01,NA
1224_02,NA
1226_01,NA
1226_02,NA
1227_01,NA
1237_01,NA
1241_01,NA
1244_01,NA
1245_01,NA
1247_01,NA
1249_01,NA
1251_01,NA
1252_01,NA
1253_01,NA
1257_01,NA
1257_02,NA
1257_03,NA
1257_04,NA
1262_01,NA
1262_02,NA
1265_01,NA
1266_01,NA
1268_01,NA
1270_01,NA
1272_01,NA
1275_01,NA
1276_01,NA
1277_01,NA
1290_01,NA
1296_01,NA
1297_01,NA
1298_01,NA
1301_01,NA
1301_02,NA
1301_03,NA
1303_01,NA
1305_01,NA
1313_01,NA
1314_01,NA
1315_01,NA
1318_01,NA
1319_01,NA
1319_02,NA
1320_01,NA
1320_02,NA
1320_03,NA
1321_01,NA
1321_02,NA
1321_03,NA
1321_04,NA
1327_01,NA
1329_01,NA
1334_01,NA
1338_01,NA
1338_02,NA
1339_01,NA
1341_01,NA
1341_02,NA
1341_03,NA
1343_01,NA
1343_02,NA
1343_03,NA
1344_01,NA
1346_01,NA
1349_01,NA
1349_02,NA
1354_01,NA
1354_02,NA
1354_03,NA
1354_04,NA
1354_05,NA
1354_06,NA
1354_07,NA
1358_01,NA
1358_02,NA
1359_01,NA
1361_01,NA
1361_02,NA
1363_01,NA
1364_01,NA
1364_02,NA
1367_01,NA
1369_01,NA
1369_02,NA
1369_03,NA
1372_01,NA
1373_01,NA
1374_01,NA
1388_01,NA
1392_01,NA
1394_01,NA
1396_01,NA
1405_01,NA
1409_01,NA
1409_02,NA
1411_01,NA
1418_01,NA
1422_01,NA
1422_02,NA
1422_03,NA
1429_01,NA
1432_01,NA
1432_02,NA
1436_01,NA
1437_01,NA
1441_01,NA
1446_01,NA
1448_01,NA
1449_01,NA
1456_01,NA
1459_01,NA
1464_01,NA
1466_01,NA
1468_01,NA
1469_01,NA
1469_02,NA
1470_01,NA
1471_01,NA
1471_02,NA
1471_03,NA
1471_04,NA
1471_05,NA
1472_01,NA
1473_01,NA
1473_02,NA
1475_01,NA
1476_01,NA
1477_01,NA
1477_02,NA
1480_01,NA
1482_01,NA
1483_01,NA
1486_01,NA
1487_01,NA
1487_02,NA
1492_01,NA
1492_02,NA
1494_01,NA
1495_01,NA
1495_02,NA
1496_01,NA
1497_01,NA
1497_02,NA
1502_01,NA
1502_02,NA
1502_03,NA
1502_04,NA
1504_01,NA
1505_01,NA
1508_01,NA
1512_01,NA
1513_01,NA
1514_01,NA
1516_01,NA
1517_01,NA
1518_01,NA
1518_02,NA
1519_01,NA
1522_01,NA
1530_01,NA
1534_01,NA
1534_02,NA
1535_01,NA
1537_01,NA
1538_01,NA
1538_02,NA
1546_01,NA
1549_01,NA
1553_01,NA
1553_02,NA
1554_01,NA
1554_02,NA
1556_01,NA
1557_01,NA
1559_01,NA
1559_02,NA
1563_01,NA
1566_01,NA
1570_01,NA
1571_01,NA
1574_01,NA
1575_01,NA
1582_01,NA
1582_02,NA
1583_01,NA
1586_01,NA
1587_01,NA
1587_02,NA
1589_01,NA
1591_01,NA
1591_02,NA
1598_01,NA
1598_02,NA
1600_01,NA
1605_01,NA
1607_01,NA
1609_01,NA
1610_01,NA
1616_01,NA
1618_01,NA
1620_01,NA
1623_01,NA
1627_01,NA
1629_01,NA
1629_02,NA
1629_03,NA
1629_04,NA
1629_05,NA
1629_06,NA
1639_01,NA
1641_01,NA
1642_01,NA
1643_01,NA
1648_01,NA
1652_01,NA
1654_01,NA
1664_01,NA
1665_01,NA
1665_02,NA
1667_01,NA
1675_01,NA
1678_01,NA
1679_01,NA
1680_01,NA
1680_02,NA
1683_01,NA
1684_01,NA
1686_01,NA
1689_01,NA
1689_02,NA
1689_03,NA
1692_01,NA
1693_01,NA
1701_01,NA
1702_01,NA
1703_01,NA
1706_01,NA
1707_01,NA
1716_01,NA
1720_01,NA
1722_01,NA
1726_01,NA
1726_02,NA
1726_03,NA
1732_01,NA
1735_01,NA
1737_01,NA
1741_01,NA
1741_02,NA
1741_03,NA
1743_01,NA
1744_01,NA
1750_01,NA
1751_01,NA
1751_02,NA
1754_01,NA
1756_01,NA
1759_01,NA
1765_01,NA
1773_01,NA
1777_01,NA
1777_02,NA
1780_01,NA
1784_01,NA
1787_01,NA
1788_01,NA
1789_01,NA
1790_01,NA
1790_02,NA
1791_01,NA
1791_02,NA
1793_01,NA
1793_02,NA
1794_01,NA
1795_01,NA
1801_01,NA
1801_02,NA
1809_01,NA
1814_01,NA
1814_02,NA
1814_03,NA
1815_01,NA
1819_01,NA
1820_01,NA
1824_01,NA
1825_01,NA
1825_02,NA
1830_01,NA
1832_01,NA
1835_01,NA
1835_02,NA
1837_01,NA
1838_01,NA
1839_01,NA
1840_01,NA
1842_01,NA
1845_01,NA
1851_01,NA
1851_02,NA
1852_01,NA
1852_02,NA
1852_03,NA
1852_04,NA
1858_01,NA
1862_01,NA
1862_02,NA
1862_03,NA
1867_01,NA
1869_01,NA
1870_01,NA
1875_01,NA
1876_01,NA
1883_01,NA
1885_01,NA
1893_01,NA
1894_01,NA
1895_01,NA
1896_01,NA
1900_01,NA
1904_01,NA
1909_01,NA
1909_02,NA
1909_03,NA
1910_01,NA
1910_02,NA
1910_03,NA
1910_04,NA
1912_01,NA
1913_01,NA
1913_02,NA
1913_03,NA
1914_01,NA
1917_01,NA
1919_01,NA
1921_01,NA
1921_02,NA
1924_01,NA
1929_01,NA
1930_01,NA
1932_01,NA
1934_01,NA
1936_01,NA
1943_01,NA
1944_01,NA
1948_01,NA
1948_02,NA
1949_01,NA
1951_01,NA
1951_02,NA
1954_01,NA
1955_01,NA
1958_01,NA
1965_01,NA
1966_01,NA
1970_01,NA
1972_01,NA
1982_01,NA
1986_01,NA
1987_01,NA
1989_01,NA
1990_01,NA
1990_02,NA
1998_01,NA
2002_01,NA
2004_01,NA
2005_01,NA
2005_02,NA
2008_01,NA
2014_01,NA
2016_01,NA
2016_02,NA
2017_01,NA
2017_02,NA
2018_01,NA
2020_01,NA
2021_01,NA
2023_01,NA
2023_02,NA
2023_03,NA
2025_01,NA
2030_01,NA
2031_01,NA
2033_01,NA
2035_01,NA
2035_02,NA
2036_01,NA
2036_02,NA
2036_03,NA
2037_01,NA
2037_02,NA
2039_01,NA
2039_02,NA
2039_03,NA
2047_01,NA
2048_01,NA
2049_01,NA
2050_01,NA
2057_01,NA
2057_02,NA
2057_03,NA
2057_04,NA
2057_05,NA
2058_01,NA
2064_01,NA
2068_01,NA
2068_02,NA
2068_03,NA
2068_04,NA
2068_05,NA
2069_01,NA
2072_01,NA
2072_02,NA
2076_01,NA
2077_01,NA
2078_01,NA
2079_01,NA
2079_02,NA
2079_03,NA
2093_01,NA
2098_01,NA
2101_01,NA
2101_02,NA
2103_01,NA
2108_01,NA
2108_02,NA
2109_01,NA
2113_01,NA
2119_01,NA
2119_02,NA
2122_01,NA
2132_01,NA
2146_01,NA
2146_02,NA
2151_01,NA
2155_01,NA
2157_01,NA
2160_01,NA
2160_02,NA
2160_03,NA
2165_01,NA
2166_01,NA
2169_01,NA
2170_01,NA
2174_01,NA
2176_01,NA
2178_01,NA
2181_01,NA
2184_01,NA
2184_02,NA
2185_01,NA
2192_01,NA
2197_01,NA
2199_01,NA
2208_01,NA
2213_01,NA
2214_01,NA
2216_01,NA
2217_01,NA
2218_01,NA
2222_01,NA
2226_01,NA
2227_01,NA
2230_01,NA
2236_01,NA
2240_01,NA
2240_02,NA
2240_03,NA
2242_01,NA
2244_01,NA
2245_01,NA
2245_02,NA
2246_01,NA
2246_02,NA
2247_01,NA
2248_01,NA
2249_01,NA
2250_01,NA
2259_01,NA
2259_02,NA
2260_01,NA
2265_01,NA
2271_01,NA
2276_01,NA
2276_02,NA
2283_01,NA
2285_01,NA
2286_01,NA
2290_01,NA
2292_01,NA
2293_01,NA
2294_01,NA
2297_01,NA
2304_01,NA
2307_01,NA
2307_02,NA
2307_03,NA
2307_04,NA
2307_05,NA
2322_01,NA
2323_01,NA
2324_01,NA
2326_01,NA
2328_01,NA
2330_01,NA
2331_01,NA
2334_01,NA
2335_01,NA
2337_01,NA
2342_01,NA
2343_01,NA
2343_02,NA
2344_01,NA
2344_02,NA
2346_01,NA
2350_01,NA
2350_02,NA
2350_03,NA
2351_01,NA
2351_02,NA
2352_01,NA
2354_01,NA
2355_01,NA
2355_02,NA
2355_03,NA
2355_04,NA
2358_01,NA
2359_01,NA
2362_01,NA
2370_01,NA
2370_02,NA
2370_03,NA
2370_04,NA
2371_01,NA
2372_01,NA
2378_01,NA
2378_02,NA
2380_01,NA
2380_02,NA
2381_01,NA
2383_01,NA
2383_02,NA
2386_01,NA
2388_01,NA
2388_02,NA
2393_01,NA
2394_01,NA
2394_02,NA
2394_03,NA
2400_01,NA
2405_01,NA
2407_01,NA
2408_01,NA
2415_01,NA
2418_01,NA
2420_01,NA
2422_01,NA
2422_02,NA
2425_01,NA
2425_02,NA
2425_03,NA
2425_04,NA
2425_05,NA
2425_06,NA
2428_01,NA
2430_01,NA
2430_02,NA
2430_03,NA
2434_01,NA
2434_02,NA
2437_01,NA
2440_01,NA
2447_01,NA
2448_01,NA
2448_02,NA
2450_01,NA
2459_01,NA
2464_01,NA
2465_01,NA
2468_01,NA
2469_01,NA
2469_02,NA
2473_01,NA
2481_01,NA
2481_02,NA
2482_01,NA
2482_02,NA
2484_01,NA
2484_02,NA
2485_01,NA
2487_01,NA
2487_02,NA
2487_03,NA
2490_01,NA
2493_01,NA
2493_02,NA
2494_01,NA
2494_02,NA
2495_01,NA
2501_01,NA
2504_01,NA
2507_01,NA
2511_01,NA
2514_01,NA
2517_01,NA
2525_01,NA
2529_01,NA
2533_01,NA
2536_01,NA
2538_01,NA
2538_02,NA
2539_01,NA
2543_01,NA
2554_01,NA
2556_01,NA
2563_01,NA
2566_01,NA
2567_01,NA
2567_02,NA
2568_01,NA
2569_01,NA
2570_01,NA
2575_01,NA
2576_01,NA
2577_01,NA
2577_02,NA
2579_01,NA
2583_01,NA
2585_01,NA
2586_01,NA
2587_01,NA
2587_02,NA
2600_01,NA
2603_01,NA
2603_02,NA
2604_01,NA
2608_01,NA
2610_01,NA
2611_01,NA
2612_01,NA
2613_01,NA
2614_01,NA
2615_01,NA
2620_01,NA
2621_01,NA
2623_01,NA
2630_01,NA
2630_02,NA
2630_03,NA
2632_01,NA
2637_01,NA
2637_02,NA
2637_03,NA
2639_01,NA
2644_01,NA
2653_01,NA
2654_01,NA
2656_01,NA
2665_01,NA
2667_01,NA
2667_02,NA
2667_03,NA
2667_04,NA
2667_05,NA
2669_01,NA
2673_01,NA
2674_01,NA
2674_02,NA
2680_01,NA
2681_01,NA
2686_01,NA
2689_01,NA
2694_01,NA
2694_02,NA
2696_01,NA
2699_01,NA
2705_01,NA
2710_01,NA
2710_02,NA
2711_01,NA
2715_01,NA
2715_02,NA
2716_01,NA
2716_02,NA
2719_01,NA
2719_02,NA
2719_03,NA
2728_01,NA
2731_01,NA
2733_01,NA
2735_01,NA
2742_01,NA
2744_01,NA
2749_01,NA
2757_01,NA
2761_01,NA
2761_02,NA
2766_01,NA
2767_01,NA
2771_01,NA
2775_01,NA
2776_01,NA
2777_01,NA
2779_01,NA
2782_01,NA
2791_01,NA
2794_01,NA
2794_02,NA
2794_03,NA
2794_04,NA
2794_05,NA
2794_06,NA
2794_07,NA
2800_01,NA
2803_01,NA
2804_01,NA
2808_01,NA
2808_02,NA
2815_01,NA
2815_02,NA
2815_03,NA
2816_01,NA
2827_01,NA
2828_01,NA
2829_01,NA
2830_01,NA
2833_01,NA
2836_01,NA
2841_01,NA
2842_01,NA
2844_01,NA
2845_01,NA
2845_02,NA
2848_01,NA
2848_02,NA
2848_03,NA
2849_01,NA
2850_01,NA
2850_02,NA
2850_03,NA
2850_04,NA
2851_01,NA
2855_01,NA
2864_01,NA
2868_01,NA
2868_02,NA
2868_03,NA
2868_04,NA
2874_01,NA
2879_01,NA
2885_01,NA
2886_01,NA
2889_01,NA
2895_01,NA
2896_01,NA
2898_01,NA
2898_02,NA
2903_01,NA
2904_01,NA
2904_02,NA
2911_01,NA
2914_01,NA
2915_01,NA
2916_01,NA
2917_01,NA
2918_01,NA
2921_01,NA
2922_01,NA
2923_01,NA
2924_01,NA
2931_01,NA
2931_02,NA
2932_01,NA
2933_01,NA
2937_01,NA
2939_01,NA
2946_01,NA
2946_02,NA
2946_03,NA
2946_04,NA
2947_01,NA
2951_01,NA
2952_01,NA
2955_01,NA
2957_01,NA
2963_01,NA
2967_01,NA
2973_01,NA
2974_01,NA
2976_01,NA
2976_02,NA
2976_03,NA
2976_04,NA
2977_01,NA
2977_02,NA
2977_03,NA
2978_01,NA
2980_01,NA
2981_01,NA
2985_01,NA
2987_01,NA
2989_01,NA
2991_01,NA
2997_01,NA
2997_02,NA
2997_03,NA
2997_04,NA
2999_01,NA
3002_01,NA
3007_01,NA
3008_01,NA
3008_02,NA
3008_03,NA
3008_04,NA
3008_05,NA
3008_06,NA
3011_01,NA
3016_01,NA
3016_02,NA
3016_03,NA
3016_04,NA
3017_01,NA
3028_01,NA
3031_01,NA
3035_01,NA
3037_01,NA
3037_02,NA
3041_01,NA
3043_01,NA
3046_01,NA
3049_01,NA
3051_01,NA
3052_01,NA
3056_01,NA
3057_01,NA
3058_01,NA
3059_01,NA
3069_01,NA
3072_01,NA
3074_01,NA
3075_01,NA
3077_01,NA
3077_02,NA
3078_01,NA
3078_02,NA
3078_03,NA
3078_04,NA
3086_01,NA
3089_01,NA
3094_01,NA
3097_01,NA
3098_01,NA
3101_01,NA
3105_01,NA
3105_02,NA
3105_03,NA
3106_01,NA
3107_01,NA
3108_01,NA
3109_01,NA
3115_01,NA
3122_01,NA
3122_02,NA
3125_01,NA
3125_02,NA
3127_01,NA
3129_01,NA
3135_01,NA
3137_01,NA
3139_01,NA
3141_01,NA
3144_01,NA
3146_01,NA
3148_01,NA
3148_02,NA
3150_01,NA
3151_01,NA
3153_01,NA
3153_02,NA
3154_01,NA
3155_01,NA
3155_02,NA
3156_01,NA
3157_01,NA
3160_01,NA
3165_01,NA
3167_01,NA
3170_01,NA
3173_01,NA
3177_01,NA
3178_01,NA
3183_01,NA
3186_01,NA
3187_01,NA
3190_01,NA
3190_02,NA
3194_01,NA
3198_01,NA
3199_01,NA
3202_01,NA
3207_01,NA
3208_01,NA
3214_01,NA
3222_01,NA
3226_01,NA
3228_01,NA
3231_01,NA
3233_01,NA
3234_01,NA
3242_01,NA
3244_01,NA
3244_02,NA
3244_03,NA
3245_01,NA
3245_02,NA
3246_01,NA
3249_01,NA
3249_02,NA
3250_01,NA
3251_01,NA
3257_01,NA
3261_01,NA
3263_01,NA
3264_01,NA
3265_01,NA
3265_02,NA
3265_03,NA
3265_04,NA
3266_01,NA
3267_01,NA
3277_01,NA
3278_01,NA
3281_01,NA
3285_01,NA
3285_02,NA
3286_01,NA
3288_01,NA
3290_01,NA
3290_02,NA
3291_01,NA
3302_01,NA
3303_01,NA
3306_01,NA
3307_01,NA
3316_01,NA
3320_01,NA
3320_02,NA
3321_01,NA
3333_01,NA
3334_01,NA
3335_01,NA
3340_01,NA
3341_01,NA
3341_02,NA
3344_01,NA
3344_02,NA
3345_01,NA
3345_02,NA
3345_03,NA
3346_01,NA
3347_01,NA
3347_02,NA
3351_01,NA
3351_02,NA
3354_01,NA
3355_01,NA
3356_01,NA
3358_01,NA
3362_01,NA
3362_02,NA
3366_01,NA
3367_01,NA
3368_01,NA
3368_02,NA
3368_03,NA
3368_04,NA
3368_05,NA
3368_06,NA
3368_07,NA
3369_01,NA
3373_01,NA
3374_01,NA
3375_01,NA
3376_01,NA
3378_01,NA
3379_01,NA
3385_01,NA
3388_01,NA
3393_01,NA
3398_01,NA
3399_01,NA
3400_01,NA
3407_01,NA
3407_02,NA
3411_01,NA
3411_02,NA
3411_03,NA
3411_04,NA
3411_05,NA
3411_06,NA
3411_07,NA
3414_01,NA
3416_01,NA
3427_01,NA
3429_01,NA
3435_01,NA
3436_01,NA
3448_01,NA
3448_02,NA
3451_01,NA
3452_01,NA
3457_01,NA
3460_01,NA
3463_01,NA
3466_01,NA
3471_01,NA
3472_01,NA
3477_01,NA
3477_02,NA
3479_01,NA
3481_01,NA
3482_01,NA
3482_02,NA
3493_01,NA
3494_01,NA
3494_02,NA
3498_01,NA
3500_01,NA
3502_01,NA
3503_01,NA
3505_01,NA
3507_01,NA
3508_01,NA
3508_02,NA
3509_01,NA
3509_02,NA
3510_01,NA
3513_01,NA
3513_02,NA
3513_03,NA
3513_04,NA
3516_01,NA
3517_01,NA
3522_01,NA
3524_01,NA
3526_01,NA
3529_01,NA
3532_01,NA
3538_01,NA
3541_01,NA
3544_01,NA
3544_02,NA
3545_01,NA
3549_01,NA
3549_02,NA
3551_01,NA
3554_01,NA
3557_01,NA
3571_01,NA
3574_01,NA
3575_01,NA
3580_01,NA
3580_02,NA
3581_01,NA
3583_01,NA
3585_01,NA
3587_01,NA
3587_02,NA
3587_03,NA
3589_01,NA
3589_02,NA
3589_03,NA
3589_04,NA
3589_05,NA
3589_06,NA
3589_07,NA
3590_01,NA
3593_01,NA
3599_01,NA
3601_01,NA
3601_02,NA
3601_03,NA
3601_04,NA
3601_05,NA
3601_06,NA
3601_07,NA
3603_01,NA
3603_02,NA
3604_01,NA
3611_01,NA
3617_01,NA
3617_02,NA
3617_03,NA
3618_01,NA
3618_02,NA
3618_03,NA
3618_04,NA
3621_01,NA
3621_02,NA
3623_01,NA
3627_01,NA
3632_01,NA
3633_01,NA
3635_01,NA
3635_02,NA
3637_01,NA
3638_01,NA
3643_01,NA
3646_01,NA
3646_02,NA
3649_01,NA
3651_01,NA
3656_01,NA
3656_02,NA
3657_01,NA
3657_02,NA
3657_03,NA
3659_01,NA
3659_02,NA
3659_03,NA
3659_04,NA
3659_05,NA
3659_06,NA
3659_07,NA
3661_01,NA
3663_01,NA
3666_01,NA
3669_01,NA
3670_01,NA
3672_01,NA
3672_02,NA
3673_01,NA
3675_01,NA
3675_02,NA
3675_03,NA
3676_01,NA
3683_01,NA
3683_02,NA
3684_01,NA
3684_02,NA
3685_01,NA
3687_01,NA
3689_01,NA
3694_01,NA
3695_01,NA
3696_01,NA
3697_01,NA
3698_01,NA
3701_01,NA
3701_02,NA
3701_03,NA
3709_01,NA
3712_01,NA
3712_02,NA
3712_03,NA
3712_04,NA
3712_05,NA
3717_01,NA
3717_02,NA
3718_01,NA
3720_01,NA
3720_02,NA
3720_03,NA
3721_01,NA
3722_01,NA
3723_01,NA
3725_01,NA
3727_01,NA
3730_01,NA
3731_01,NA
3738_01,NA
3740_01,NA
3746_01,NA
3746_02,NA
3746_03,NA
3746_04,NA
3762_01,NA
3763_01,NA
3764_01,NA
3764_02,NA
3766_01,NA
3766_02,NA
3780_01,NA
3782_01,NA
3782_02,NA
3791_01,NA
3792_01,NA
3794_01,NA
3799_01,NA
3800_01,NA
3802_01,NA
3806_01,NA
3808_01,NA
3809_01,NA
3809_02,NA
3813_01,NA
3819_01,NA
3825_01,NA
3827_01,NA
3828_01,NA
3828_02,NA
3828_03,NA
3829_01,NA
3829_02,NA
3833_01,NA
3834_01,NA
3837_01,NA
3840_01,NA
3843_01,NA
3844_01,NA
3844_02,NA
3845_01,NA
3855_01,NA
3858_01,NA
3858_02,NA
3858_03,NA
3858_04,NA
3859_01,NA
3860_01,NA
3861_01,NA
3863_01,NA
3865_01,NA
3869_01,NA
3876_01,NA
3876_02,NA
3876_03,NA
3877_01,NA
3878_01,NA
3880_01,NA
3881_01,NA
3882_01,NA
3884_01,NA
3885_01,NA
3887_01,NA
3889_01,NA
3889_02,NA
3891_01,NA
3892_01,NA
3892_02,NA
3893_01,NA
3893_02,NA
3893_03,NA
3900_01,NA
3901_01,NA
3902_01,NA
3905_01,NA
3906_01,NA
3906_02,NA
3908_01,NA
3908_02,NA
3910_01,NA
3914_01,NA
3918_01,NA
3920_01,NA
3925_01,NA
3925_02,NA
3929_01,NA
3934_01,NA
3934_02,NA
3943_01,NA
3943_02,NA
3943_03,NA
3947_01,NA
3951_01,NA
3953_01,NA
3956_01,NA
3957_01,NA
3965_01,NA
3969_01,NA
3972_01,NA
3975_01,NA
3978_01,NA
3979_01,NA
3982_01,NA
3983_01,NA
3989_01,NA
3989_02,NA
3989_03,NA
3989_04,NA
3990_01,NA
3993_01,NA
4004_01,NA
4007_01,NA
4011_01,NA
4012_01,NA
4012_02,NA
4015_01,NA
4015_02,NA
4024_01,NA
4025_01,NA
4028_01,NA
4029_01,NA
4041_01,NA
4048_01,NA
4048_02,NA
4048_03,NA
4051_01,NA
4052_01,NA
4054_01,NA
4054_02,NA
4054_03,NA
4056_01,NA
4057_01,NA
4059_01,NA
4059_02,NA
4062_01,NA
4067_01,NA
4070_01,NA
4070_02,NA
4070_03,NA
4073_01,NA
4073_02,NA
4074_01,NA
4077_01,NA
4085_01,NA
4086_01,NA
4086_02,NA
4086_03,NA
4087_01,NA
4088_01,NA
4092_01,NA
4094_01,NA
4094_02,NA
4100_01,NA
4105_01,NA
4111_01,NA
4117_01,NA
4118_01,NA
4119_01,NA
4121_01,NA
4122_01,NA
4123_01,NA
4124_01,NA
4126_01,NA
4133_01,NA
4133_02,NA
4136_01,NA
4136_02,NA
4138_01,NA
4139_01,NA
4146_01,NA
4148_01,NA
4153_01,NA
4155_01,NA
4157_01,NA
4161_01,NA
4162_01,NA
4164_01,NA
4180_01,NA
4180_02,NA
4187_01,NA
4190_01,NA
4192_01,NA
4193_01,NA
4195_01,NA
4198_01,NA
4200_01,NA
4201_01,NA
4202_01,NA
4202_02,NA
4209_01,NA
4217_01,NA
4224_01,NA
4224_02,NA
4226_01,NA
4226_02,NA
4227_01,NA
4228_01,NA
4234_01,NA
4234_02,NA
4235_01,NA
4235_02,NA
4236_01,NA
4236_02,NA
4241_01,NA
4247_01,NA
4247_02,NA
4248_01,NA
4248_02,NA
4250_01,NA
4263_01,NA
4263_02,NA
4263_03,NA
4265_01,NA
4268_01,NA
4268_02,NA
4269_01,NA
4275_01,NA
4276_01,NA
4277_01,NA
4279_01,NA
4281_01,NA
4282_01,NA
4283_01,NA
4284_01,NA
4284_02,NA
4285_01,NA
4286_01,NA
4286_02,NA
4286_03,NA
4287_01,NA
4288_01,NA
4288_02,NA
4290_01,NA
4298_01,NA
4298_02,NA
4298_03,NA
4299_01,NA
4304_01,NA
4307_01,NA
4308_01,NA
4310_01,NA
4313_01,NA
4314_01,NA
4321_01,NA
4322_01,NA
4323_01,NA
4323_02,NA
4323_03,NA
4323_04,NA
4325_01,NA
4326_01,NA
4328_01,NA
4331_01,NA
4341_01,NA
4341_02,NA
4342_01,NA
4353_01,NA
4355_01,NA
4363_01,NA
4374_01,NA
4375_01,NA
4377_01,NA
4377_02,NA
4377_03,NA
4378_01,NA
4378_02,NA
4379_01,NA
4380_01,NA
4381_01,NA
4381_02,NA
4384_01,NA
4385_01,NA
4385_02,NA
4385_03,NA
4389_01,NA
4394_01,NA
4398_01,NA
4406_01,NA
4412_01,NA
4414_01,NA
4417_01,NA
4418_01,NA
4419_01,NA
4419_02,NA
4420_01,NA
4420_02,NA
4421_01,NA
4423_01,NA
4425_01,NA
4425_02,NA
4434_01,NA
4435_01,NA
4435_02,NA
4439_01,NA
4439_02,NA
4442_01,NA
4443_01,NA
4443_02,NA
4454_01,NA
4455_01,NA
4455_02,NA
4455_03,NA
4458_01,NA
4460_01,NA
4468_01,NA
4471_01,NA
4478_01,NA
4480_01,NA
4481_01,NA
4484_01,NA
4488_01,NA
4489_01,NA
4495_01,NA
4499_01,NA
4503_01,NA
4504_01,NA
4507_01,NA
4513_01,NA
4519_01,NA
4520_01,NA
4523_01,NA
4523_02,NA
4523_03,NA
4523_04,NA
4523_05,NA
4523_06,NA
4525_01,NA
4526_01,NA
4527_01,NA
4528_01,NA
4536_01,NA
4540_01,NA
4541_01,NA
4545_01,NA
4548_01,NA
4551_01,NA
4551_02,NA
4551_03,NA
4551_04,NA
4554_01,NA
4556_01,NA
4566_01,NA
4578_01,NA
4579_01,NA
4582_01,NA
4582_02,NA
4582_03,NA
4582_04,NA
4582_05,NA
4582_06,NA
4582_07,NA
4583_01,NA
4583_02,NA
4583_03,NA
4584_01,NA
4588_01,NA
4589_01,NA
4590_01,NA
4598_01,NA
4599_01,NA
4600_01,NA
4600_02,NA
4601_01,NA
4614_01,NA
4614_02,NA
4616_01,NA
4618_01,NA
4619_01,NA
4626_01,NA
4626_02,NA
4627_01,NA
4629_01,NA
4636_01,NA
4639_01,NA
4639_02,NA
4639_03,NA
4639_04,NA
4639_05,NA
4639_06,NA
4647_01,NA
4660_01,NA
4666_01,NA
4669_01,NA
4670_01,NA
4671_01,NA
4671_02,NA
4671_03,NA
4671_04,NA
4674_01,NA
4675_01,NA
4675_02,NA
4681_01,NA
4682_01,NA
4683_01,NA
4683_02,NA
4685_01,NA
4687_01,NA
4688_01,NA
4692_01,NA
4697_01,NA
4698_01,NA
4700_01,NA
4701_01,NA
4701_02,NA
4701_03,NA
4701_04,NA
4702_01,NA
4702_02,NA
4703_01,NA
4703_02,NA
4705_01,NA
4705_02,NA
4707_01,NA
4707_02,NA
4715_01,NA
4716_01,NA
4718_01,NA
4722_01,NA
4724_01,NA
4727_01,NA
4727_02,NA
4729_01,NA
4731_01,NA
4734_01,NA
4735_01,NA
4736_01,NA
4737_01,NA
4740_01,NA
4742_01,NA
4745_01,NA
4747_01,NA
4747_02,NA
4749_01,NA
4751_01,NA
4760_01,NA
4761_01,NA
4761_02,NA
4761_03,NA
4765_01,NA
4766_01,NA
4767_01,NA
4768_01,NA
4768_02,NA
4771_01,NA
4776_01,NA
4776_02,NA
4776_03,NA
4776_04,NA
4779_01,NA
4781_01,NA
4789_01,NA
4799_01,NA
4799_02,NA
4799_03,NA
4800_01,NA
4802_01,NA
4802_02,NA
4805_01,NA
4806_01,NA
4809_01,NA
4811_01,NA
4812_01,NA
4816_01,NA
4820_01,NA
4820_02,NA
4821_01,NA
4824_01,NA
4825_01,NA
4826_01,NA
4833_01,NA
4833_02,NA
4834_01,NA
4835_01,NA
4839_01,NA
4843_01,NA
4843_02,NA
4844_01,NA
4849_01,NA
4852_01,NA
4854_01,NA
4855_01,NA
4855_02,NA
4858_01,NA
4859_01,NA
4860_01,NA
4861_01,NA
4865_01,NA
4867_01,NA
4869_01,NA
4872_01,NA
4877_01,NA
4894_01,NA
4905_01,NA
4906_01,NA
4907_01,NA
4908_01,NA
4914_01,NA
4919_01,NA
4921_01,NA
4922_01,NA
4926_01,NA
4928_01,NA
4931_01,NA
4935_01,NA
4935_02,NA
4935_03,NA
4936_01,NA
4947_01,NA
4948_01,NA
4949_01,NA
4949_02,NA
4953_01,NA
4955_01,NA
4957_01,NA
4959_01,NA
4960_01,NA
4962_01,NA
4966_01,NA
4966_02,NA
4967_01,NA
4968_01,NA
4969_01,NA
4969_02,NA
4971_01,NA
4976_01,NA
4982_01,NA
4984_01,NA
4984_02,NA
4985_01,NA
4986_01,NA
4988_01,NA
4993_01,NA
4994_01,NA
5001_01,NA
5002_01,NA
5011_01,NA
5022_01,NA
5024_01,NA
5024_02,NA
5024_03,NA
5024_04,NA
5024_05,NA
5026_01,NA
5029_01,NA
5029_02,NA
5030_01,NA
5031_01,NA
5031_02,NA
5033_01,NA
5033_02,NA
5037_01,NA
5038_01,NA
5038_02,NA
5041_01,NA
5043_01,NA
5043_02,NA
5043_03,NA
5045_01,NA
5046_01,NA
5047_01,NA
5049_01,NA
5053_01,NA
5054_01,NA
5055_01,NA
5056_01,NA
5056_02,NA
5066_01,NA
5071_01,NA
5075_01,NA
5077_01,NA
5078_01,NA
5079_01,NA
5081_01,NA
5082_01,NA
5086_01,NA
5086_02,NA
5092_01,NA
5094_01,NA
5094_02,NA
5096_01,NA
5096_02,NA
5098_01,NA
5098_02,NA
5098_03,NA
5099_01,NA
5100_01,NA
5101_01,NA
5102_01,NA
5107_01,NA
5110_01,NA
5113_01,NA
5114_01,NA
5117_01,NA
5118_01,NA
5119_01,NA
5121_01,NA
5123_01,NA
5131_01,NA
5131_02,NA
5134_01,NA
5135_01,NA
5139_01,NA
5141_01,NA
5143_01,NA
5147_01,NA
5149_01,NA
5149_02,NA
5150_01,NA
5153_01,NA
5155_01,NA
5159_01,NA
5159_02,NA
5164_01,NA
5164_02,NA
5168_01,NA
5169_01,NA
5172_01,NA
5178_01,NA
5183_01,NA
5189_01,NA
5191_01,NA
5195_01,NA
5200_01,NA
5203_01,NA
5203_02,NA
5212_01,NA
5215_01,NA
5219_01,NA
5219_02,NA
5222_01,NA
5228_01,NA
5228_02,NA
5231_01,NA
5232_01,NA
5232_02,NA
5233_01,NA
5237_01,NA
5241_01,NA
5241_02,NA
5245_01,NA
5259_01,NA
5261_01,NA
5263_01,NA
5267_01,NA
5267_02,NA
5267_03,NA
5270_01,NA
5283_01,NA
5284_01,NA
5285_01,NA
5286_01,NA
5289_01,NA
5293_01,NA
5293_02,NA
5294_01,NA
5295_01,NA
5296_01,NA
5302_01,NA
5306_01,NA
5306_02,NA
5308_01,NA
5308_02,NA
5308_03,NA
5309_01,NA
5311_01,NA
5317_01,NA
5317_02,NA
5318_01,NA
5318_02,NA
5319_01,NA
5321_01,NA
5324_01,NA
5328_01,NA
5329_01,NA
5329_02,NA
5329_03,NA
5329_04,NA
5329_05,NA
5329_06,NA
5329_07,NA
5332_01,NA
5335_01,NA
5335_02,NA
5335_03,NA
5335_04,NA
5336_01,NA
5338_01,NA
5339_01,NA
5339_02,NA
5339_03,NA
5342_01,NA
5349_01,NA
5352_01,NA
5357_01,NA
5357_02,NA
5357_03,NA
5357_04,NA
5358_01,NA
5364_01,NA
5369_01,NA
5369_02,NA
5369_03,NA
5370_01,NA
5371_01,NA
5371_02,NA
5371_03,NA
5371_04,NA
5373_01,NA
5376_01,NA
5376_02,NA
5377_01,NA
5381_01,NA
5382_01,NA
5382_02,NA
5386_01,NA
5391_01,NA
5393_01,NA
5398_01,NA
5399_01,NA
5400_01,NA
5403_01,NA
5405_01,NA
5407_01,NA
5409_01,NA
5417_01,NA
5419_01,NA
5426_01,NA
5428_01,NA
5428_02,NA
5429_01,NA
5432_01,NA
5433_01,NA
5439_01,NA
5442_01,NA
5444_01,NA
5448_01,NA
5449_01,NA
5456_01,NA
5460_01,NA
5461_01,NA
5464_01,NA
5473_01,NA
5473_02,NA
5481_01,NA
5482_01,NA
5482_02,NA
5486_01,NA
5493_01,NA
5495_01,NA
5498_01,NA
5498_02,NA
5502_01,NA
5503_01,NA
5505_01,NA
5505_02,NA
5505_03,NA
5513_01,NA
5513_02,NA
5513_03,NA
5513_04,NA
5516_01,NA
5518_01,NA
5519_01,NA
5525_01,NA
5532_01,NA
5533_01,NA
5534_01,NA
5542_01,NA
5547_01,NA
5548_01,NA
5549_01,NA
5553_01,NA
5553_02,NA
5554_01,NA
5558_01,NA
5562_01,NA
5562_02,NA
5564_01,NA
5565_01,NA
5567_01,NA
5570_01,NA
5576_01,NA
5577_01,NA
5577_02,NA
5577_03,NA
5577_04,NA
5577_05,NA
5579_01,NA
5584_01,NA
5584_02,NA
5588_01,NA
5588_02,NA
5588_03,NA
5588_04,NA
5588_05,NA
5590_01,NA
5593_01,NA
5597_01,NA
5600_01,NA
5604_01,NA
5605_01,NA
5607_01,NA
5612_01,NA
5617_01,NA
5620_01,NA
5620_02,NA
5621_01,NA
5624_01,NA
5630_01,NA
5632_01,NA
5633_01,NA
5634_01,NA
5635_01,NA
5636_01,NA
5638_01,NA
5641_01,NA
5649_01,NA
5654_01,NA
5656_01,NA
5657_01,NA
5658_01,NA
5660_01,NA
5664_01,NA
5664_02,NA
5664_03,NA
5664_04,NA
5665_01,NA
5666_01,NA
5668_01,NA
5669_01,NA
5670_01,NA
5672_01,NA
5675_01,NA
5676_01,NA
5678_01,NA
5678_02,NA
5682_01,NA
5683_01,NA
5690_01,NA
5691_01,NA
5694_01,NA
5697_01,NA
5699_01,NA
5703_01,NA
5708_01,NA
5715_01,NA
5715_02,NA
5720_01,NA
5720_02,NA
5731_01,NA
5731_02,NA
5734_01,NA
5734_02,NA
5741_01,NA
5743_01,NA
5745_01,NA
5749_01,NA
5752_01,NA
5753_01,NA
5754_01,NA
5759_01,NA
5760_01,NA
5762_01,NA
5766_01,NA
5770_01,NA
5774_01,NA
5775_01,NA
5782_01,NA
5782_02,NA
5782_03,NA
5782_04,NA
5784_01,NA
5787_01,NA
5787_02,NA
5787_03,NA
5789_01,NA
5789_02,NA
5797_01,NA
5798_01,NA
5801_01,NA
5803_01,NA
5805_01,NA
5807_01,NA
5815_01,NA
5815_02,NA
5815_03,NA
5815_04,NA
5830_01,NA
5832_01,NA
5833_01,NA
5838_01,NA
5841_01,NA
5841_02,NA
5841_03,NA
5845_01,NA
5850_01,NA
5851_01,NA
5851_02,NA
5853_01,NA
5862_01,NA
5864_01,NA
5865_01,NA
5866_01,NA
5870_01,NA
5872_01,NA
5873_01,NA
5873_02,NA
5873_03,NA
5881_01,NA
5883_01,NA
5884_01,NA
5892_01,NA
5893_01,NA
5893_02,NA
5895_01,NA
5896_01,NA
5899_01,NA
5904_01,NA
5904_02,NA
5910_01,NA
5911_01,NA
5911_02,NA
5911_03,NA
5911_04,NA
5911_05,NA
5911_06,NA
5914_01,NA
5917_01,NA
5918_01,NA
5926_01,NA
5929_01,NA
5932_01,NA
5935_01,NA
5936_01,NA
5936_02,NA
5936_03,NA
5936_04,NA
5936_05,NA
5937_01,NA
5940_01,NA
5942_01,NA
5942_02,NA
5943_01,NA
5948_01,NA
5958_01,NA
5961_01,NA
5961_02,NA
5962_01,NA
5964_01,NA
5964_02,NA
5966_01,NA
5966_02,NA
5978_01,NA
5978_02,NA
5979_01,NA
5982_01,NA
5996_01,NA
5997_01,NA
5997_02,NA
6002_01,NA
6005_01,NA
6005_02,NA
6005_03,NA
6005_04,NA
6005_05,NA
6009_01,NA
6009_02,NA
6012_01,NA
6013_01,NA
6018_01,NA
6021_01,NA
6023_01,NA
6037_01,NA
6044_01,NA
6044_02,NA
6046_01,NA
6050_01,NA
6051_01,NA
6051_02,NA
6053_01,NA
6056_01,NA
6057_01,NA
6060_01,NA
6063_01,NA
6072_01,NA
6074_01,NA
6074_02,NA
6074_03,NA
6078_01,NA
6079_01,NA
6081_01,NA
6081_02,NA
6081_03,NA
6081_04,NA
6083_01,NA
6084_01,NA
6088_01,NA
6089_01,NA
6093_01,NA
6097_01,NA
6100_01,NA
6104_01,NA
6113_01,NA
6114_01,NA
6119_01,NA
6119_02,NA
6119_03,NA
6125_01,NA
6129_01,NA
6131_01,NA
6134_01,NA
6140_01,NA
6142_01,NA
6142_02,NA
6144_01,NA
6147_01,NA
6151_01,NA
6151_02,NA
6154_01,NA
6159_01,NA
6160_01,NA
6160_02,NA
6161_01,NA
6164_01,NA
6165_01,NA
6177_01,NA
6183_01,NA
6185_01,NA
6187_01,NA
6188_01,NA
6190_01,NA
6193_01,NA
6193_02,NA
6193_03,NA
6193_04,NA
6195_01,NA
6196_01,NA
6197_01,NA
6198_01,NA
6202_01,NA
6203_01,NA
6204_01,NA
6209_01,NA
6209_02,NA
6210_01,NA
6212_01,NA
6214_01,NA
6217_01,NA
6217_02,NA
6221_01,NA
6226_01,NA
6231_01,NA
6231_02,NA
6231_03,NA
6233_01,NA
6233_02,NA
6233_03,NA
6235_01,NA
6240_01,NA
6242_01,NA
6244_01,NA
6244_02,NA
6247_01,NA
6255_01,NA
6257_01,NA
6257_02,NA
6257_03,NA
6258_01,NA
6259_01,NA
6260_01,NA
6260_02,NA
6261_01,NA
6261_02,NA
6267_01,NA
6267_02,NA
6267_03,NA
6267_04,NA
6267_05,NA
6267_06,NA
6269_01,NA
6269_02,NA
6269_03,NA
6272_01,NA
6272_02,NA
6275_01,NA
6278_01,NA
6278_02,NA
6284_01,NA
6286_01,NA
6286_02,NA
6287_01,NA
6287_02,NA
6288_01,NA
6288_02,NA
6288_03,NA
6288_04,NA
6291_01,NA
6294_01,NA
6295_01,NA
6295_02,NA
6298_01,NA
6303_01,NA
6306_01,NA
6307_01,NA
6310_01,NA
6311_01,NA
6312_01,NA
6312_02,NA
6314_01,NA
6329_01,NA
6332_01,NA
6332_02,NA
6332_03,NA
6332_04,NA
6332_05,NA
6332_06,NA
6332_07,NA
6332_08,NA
6333_01,NA
6336_01,NA
6337_01,NA
6342_01,NA
6342_02,NA
6345_01,NA
6345_02,NA
6350_01,NA
6352_01,NA
6352_02,NA
6358_01,NA
6358_02,NA
6359_01,NA
6362_01,NA
6364_01,NA
6375_01,NA
6377_01,NA
6379_01,NA
6382_01,NA
6383_01,NA
6383_02,NA
6383_03,NA
6384_01,NA
6386_01,NA
6387_01,NA
6389_01,NA
6391_01,NA
6391_02,NA
6392_01,NA
6393_01,NA
6395_01,NA
6401_01,NA
6401_02,NA
6403_01,NA
6410_01,NA
6410_02,NA
6417_01,NA
6420_01,NA
6423_01,NA
6425_01,NA
6425_02,NA
6426_01,NA
6427_01,NA
6429_01,NA
6435_01,NA
6438_01,NA
6440_01,NA
6441_01,NA
6445_01,NA
6460_01,NA
6465_01,NA
6466_01,NA
6467_01,NA
6469_01,NA
6474_01,NA
6476_01,NA
6479_01,NA
6479_02,NA
6483_01,NA
6484_01,NA
6486_01,NA
6491_01,NA
6491_02,NA
6491_03,NA
6495_01,NA
6496_01,NA
6496_02,NA
6497_01,NA
6498_01,NA
6499_01,NA
6499_02,NA
6499_03,NA
6499_04,NA
6499_05,NA
6499_06,NA
6499_07,NA
6499_08,NA
6504_01,NA
6504_02,NA
6505_01,NA
6506_01,NA
6506_02,NA
6507_01,NA
6515_01,NA
6516_01,NA
6516_02,NA
6518_01,NA
6519_01,NA
6521_01,NA
6524_01,NA
6527_01,NA
6528_01,NA
6532_01,NA
6533_01,NA
6533_02,NA
6534_01,NA
6536_01,NA
6537_01,NA
6538_01,NA
6542_01,NA
6543_01,NA
6550_01,NA
6551_01,NA
6554_01,NA
6555_01,NA
6559_01,NA
6559_02,NA
6559_03,NA
6564_01,NA
6564_02,NA
6566_01,NA
6571_01,NA
6575_01,NA
6576_01,NA
6577_01,NA
6577_02,NA
6577_03,NA
6579_01,NA
6581_01,NA
6584_01,NA
6586_01,NA
6587_01,NA
6589_01,NA
6596_01,NA
6596_02,NA
6597_01,NA
6600_01,NA
6600_02,NA
6605_01,NA
6605_02,NA
6607_01,NA
6610_01,NA
6612_01,NA
6612_02,NA
6612_03,NA
6612_04,NA
6612_05,NA
6612_06,NA
6615_01,NA
6617_01,NA
6617_02,NA
6617_03,NA
6619_01,NA
6627_01,NA
6629_01,NA
6632_01,NA
6636_01,NA
6640_01,NA
6644_01,NA
6648_01,NA
6651_01,NA
6653_01,NA
6657_01,NA
6658_01,NA
6658_02,NA
6658_03,NA
6661_01,NA
6666_01,NA
6677_01,NA
6678_01,NA
6678_02,NA
6679_01,NA
6682_01,NA
6682_02,NA
6685_01,NA
6686_01,NA
6687_01,NA
6688_01,NA
6689_01,NA
6689_02,NA
6690_01,NA
6695_01,NA
6696_01,NA
6700_01,NA
6700_02,NA
6701_01,NA
6703_01,NA
6704_01,NA
6705_01,NA
6710_01,NA
6712_01,NA
6714_01,NA
6715_01,NA
6716_01,NA
6717_01,NA
6723_01,NA
6728_01,NA
6732_01,NA
6733_01,NA
6735_01,NA
6737_01,NA
6738_01,NA
6738_02,NA
6740_01,NA
6743_01,NA
6752_01,NA
6752_02,NA
6752_03,NA
6755_01,NA
6759_01,NA
6767_01,NA
6767_02,NA
6768_01,NA
6769_01,NA
6770_01,NA
6770_02,NA
6770_03,NA
6771_01,NA
6772_01,NA
6772_02,NA
6777_01,NA
6781_01,NA
6783_01,NA
6785_01,NA
6790_01,NA
6791_01,NA
6793_01,NA
6793_02,NA
6795_01,NA
6797_01,NA
6803_01,NA
6804_01,NA
6807_01,NA
6807_02,NA
6809_01,NA
6811_01,NA
6812_01,NA
6812_02,NA
6815_01,NA
6819_01,NA
6819_02,NA
6819_03,NA
6823_01,NA
6828_01,NA
6830_01,NA
6835_01,NA
6835_02,NA
6836_01,NA
6838_01,NA
6838_02,NA
6838_03,NA
6842_01,NA
6845_01,NA
6846_01,NA
6847_01,NA
6849_01,NA
6852_01,NA
6852_02,NA
6855_01,NA
6856_01,NA
6860_01,NA
6867_01,NA
6870_01,NA
6872_01,NA
6874_01,NA
6875_01,NA
6875_02,NA
6875_03,NA
6876_01,NA
6876_02,NA
6876_03,NA
6877_01,NA
6878_01,NA
6881_01,NA
6884_01,NA
6886_01,NA
6888_01,NA
6888_02,NA
6888_03,NA
6888_04,NA
6890_01,NA
6897_01,NA
6904_01,NA
6904_02,NA
6904_03,NA
6909_01,NA
6914_01,NA
6916_01,NA
6919_01,NA
6922_01,NA
6923_01,NA
6927_01,NA
6933_01,NA
6933_02,NA
6935_01,NA
6936_01,NA
6936_02,NA
6936_03,NA
6938_01,NA
6941_01,NA
6942_01,NA
6948_01,NA
6952_01,NA
6953_01,NA
6955_01,NA
6956_01,NA
6958_01,NA
6959_01,NA
6959_02,NA
6959_03,NA
6961_01,NA
6961_02,NA
6965_01,NA
6969_01,NA
6974_01,NA
6975_01,NA
6983_01,NA
6983_02,NA
6986_01,NA
6986_02,NA
6986_03,NA
6986_04,NA
6986_05,NA
6986_06,NA
6986_07,NA
6986_08,NA
6989_01,NA
6993_01,NA
7000_01,NA
7003_01,NA
7009_01,NA
7009_02,NA
7012_01,NA
7023_01,NA
7024_01,NA
7030_01,NA
7033_01,NA
7035_01,NA
7043_01,NA
7046_01,NA
7046_02,NA
7046_03,NA
7054_01,NA
7054_02,NA
7055_01,NA
7063_01,NA
7063_02,NA
7064_01,NA
7065_01,NA
7066_01,NA
7066_02,NA
7067_01,NA
7067_02,NA
7067_03,NA
7070_01,NA
7075_01,NA
7076_01,NA
7081_01,NA
7081_02,NA
7100_01,NA
7100_02,NA
7101_01,NA
7101_02,NA
7102_01,NA
7103_01,NA
7103_02,NA
7107_01,NA
7108_01,NA
7112_01,NA
7115_01,NA
7122_01,NA
7123_01,NA
7124_01,NA
7124_02,NA
7124_03,NA
7125_01,NA
7129_01,NA
7130_01,NA
7130_02,NA
7130_03,NA
7130_04,NA
7130_05,NA
7130_06,NA
7130_07,NA
7131_01,NA
7135_01,NA
7135_02,NA
7135_03,NA
7135_04,NA
7136_01,NA
7138_01,NA
7139_01,NA
7141_01,NA
7145_01,NA
7146_01,NA
7147_01,NA
7150_01,NA
7150_02,NA
7153_01,NA
7154_01,NA
7158_01,NA
7163_01,NA
7163_02,NA
7163_03,NA
7164_01,NA
7169_01,NA
7172_01,NA
7172_02,NA
7174_01,NA
7178_01,NA
7183_01,NA
7185_01,NA
7195_01,NA
7196_01,NA
7198_01,NA
7201_01,NA
7204_01,NA
7209_01,NA
7209_02,NA
7211_01,NA
7212_01,NA
7213_01,NA
7220_01,NA
7222_01,NA
7223_01,NA
7228_01,NA
7231_01,NA
7237_01,NA
7239_01,NA
7241_01,NA
7241_02,NA
7243_01,NA
7243_02,NA
7243_03,NA
7243_04,NA
7243_05,NA
7244_01,NA
7245_01,NA
7248_01,NA
7248_02,NA
7251_01,NA
7254_01,NA
7262_01,NA
7263_01,NA
7264_01,NA
7265_01,NA
7266_01,NA
7266_02,NA
7266_03,NA
7269_01,NA
7269_02,NA
7272_01,NA
7275_01,NA
7281_01,NA
7282_01,NA
7286_01,NA
7287_01,NA
7288_01,NA
7291_01,NA
7293_01,NA
7294_01,NA
7295_01,NA
7295_02,NA
7299_01,NA
7308_01,NA
7312_01,NA
7315_01,NA
7316_01,NA
7317_01,NA
7318_01,NA
7319_01,NA
7319_02,NA
7319_03,NA
7325_01,NA
7329_01,NA
7329_02,NA
7329_03,NA
7333_01,NA
7335_01,NA
7345_01,NA
7348_01,NA
7348_02,NA
7348_03,NA
7349_01,NA
7352_01,NA
7354_01,NA
7354_02,NA
7354_03,NA
7354_04,NA
7354_05,NA
7354_06,NA
7355_01,NA
7357_01,NA
7362_01,NA
7363_01,NA
7364_01,NA
7368_01,NA
7369_01,NA
7373_01,NA
7373_02,NA
7375_01,NA
7378_01,NA
7380_01,NA
7380_02,NA
7380_03,NA
7380_04,NA
7381_01,NA
7382_01,NA
7383_01,NA
7383_02,NA
7384_01,NA
7386_01,NA
7389_01,NA
7397_01,NA
7400_01,NA
7404_01,NA
7407_01,NA
7409_01,NA
7409_02,NA
7412_01,NA
7413_01,NA
7413_02,NA
7414_01,NA
7415_01,NA
7417_01,NA
7417_02,NA
7420_01,NA
7421_01,NA
7421_02,NA
7423_01,NA
7423_02,NA
7424_01,NA
7426_01,NA
7426_02,NA
7426_03,NA
7433_01,NA
7434_01,NA
7439_01,NA
7439_02,NA
7440_01,NA
7441_01,NA
7443_01,NA
7451_01,NA
7454_01,NA
7463_01,NA
7465_01,NA
7466_01,NA
7467_01,NA
7468_01,NA
7469_01,NA
7470_01,NA
7471_01,NA
7471_02,NA
7473_01,NA
7473_02,NA
7474_01,NA
7476_01,NA
7480_01,NA
7482_01,NA
7482_02,NA
7489_01,NA
7489_02,NA
7489_03,NA
7491_01,NA
7493_01,NA
7497_01,NA
7511_01,NA
7516_01,NA
7519_01,NA
7526_01,NA
7528_01,NA
7528_02,NA
7528_03,NA
7528_04,NA
7530_01,NA
7530_02,NA
7530_03,NA
7530_04,NA
7532_01,NA
7537_01,NA
7539_01,NA
7539_02,NA
7540_01,NA
7541_01,NA
7541_02,NA
7541_03,NA
7546_01,NA
7547_01,NA
7548_01,NA
7551_01,NA
7554_01,NA
7555_01,NA
7556_01,NA
7556_02,NA
7556_03,NA
7556_04,NA
7557_01,NA
7557_02,NA
7557_03,NA
7558_01,NA
7558_02,NA
7562_01,NA
7564_01,NA
7566_01,NA
7570_01,NA
7570_02,NA
7571_01,NA
7575_01,NA
7581_01,NA
7582_01,NA
7582_02,NA
7582_03,NA
7582_04,NA
7582_05,NA
7587_01,NA
7589_01,NA
7590_01,NA
7591_01,NA
7591_02,NA
7593_01,NA
7597_01,NA
7597_02,NA
7597_03,NA
7597_04,NA
7597_05,NA
7597_06,NA
7597_07,NA
7600_01,NA
7600_02,NA
7602_01,NA
7603_01,NA
7607_01,NA
7610_01,NA
7610_02,NA
7611_01,NA
7611_02,NA
7612_01,NA
7612_02,NA
7613_01,NA
7615_01,NA
7617_01,NA
7619_01,NA
7629_01,NA
7629_02,NA
7629_03,NA
7636_01,NA
7637_01,NA
7637_02,NA
7637_03,NA
7638_01,NA
7642_01,NA
7645_01,NA
7648_01,NA
7651_01,NA
7653_01,NA
7654_01,NA
7655_01,NA
7657_01,NA
7658_01,NA
7659_01,NA
7662_01,NA
7663_01,NA
7664_01,NA
7668_01,NA
7672_01,NA
7673_01,NA
7674_01,NA
7675_01,NA
7681_01,NA
7685_01,NA
7686_01,NA
7695_01,NA
7701_01,NA
7704_01,NA
7706_01,NA
7718_01,NA
7722_01,NA
7725_01,NA
7726_01,NA
7730_01,NA
7732_01,NA
7733_01,NA
7734_01,NA
7735_01,NA
7737_01,NA
7740_01,NA
7740_02,NA
7745_01,NA
7750_01,NA
7756_01,NA
7758_01,NA
7759_01,NA
7762_01,NA
7765_01,NA
7765_02,NA
7765_03,NA
7766_01,NA
7772_01,NA
7779_01,NA
7781_01,NA
7792_01,NA
7792_02,NA
7792_03,NA
7792_04,NA
7792_05,NA
7794_01,NA
7795_01,NA
7795_02,NA
7796_01,NA
7798_01,NA
7798_02,NA
7799_01,NA
7804_01,NA
7807_01,NA
7811_01,NA
7814_01,NA
7817_01,NA
7819_01,NA
7822_01,NA
7823_01,NA
7825_01,NA
7825_02,NA
7825_03,NA
7826_01,NA
7827_01,NA
7836_01,NA
7838_01,NA
7844_01,NA
7846_01,NA
7846_02,NA
7854_01,NA
7855_01,NA
7857_01,NA
7860_01,NA
7862_01,NA
7867_01,NA
7869_01,NA
7874_01,NA
7874_02,NA
7876_01,NA
7880_01,NA
7880_02,NA
7887_01,NA
7893_01,NA
7893_02,NA
7893_03,NA
7893_04,NA
7893_05,NA
7896_01,NA
7898_01,NA
7900_01,NA
7906_01,NA
7909_01,NA
7909_02,NA
7911_01,NA
7912_01,NA
7915_01,NA
7915_02,NA
7915_03,NA
7917_01,NA
7921_01,NA
7921_02,NA
7923_01,NA
7925_01,NA
7927_01,NA
7927_02,NA
7927_03,NA
7928_01,NA
7931_01,NA
7932_01,NA
7933_01,NA
7934_01,NA
7934_02,NA
7934_03,NA
7938_01,NA
7942_01,NA
7942_02,NA
7948_01,NA
7951_01,NA
7953_01,NA
7956_01,NA
7959_01,NA
7961_01,NA
7963_01,NA
7963_02,NA
7963_03,NA
7964_01,NA
7965_01,NA
7966_01,NA
7969_01,NA
7971_01,NA
7971_02,NA
7975_01,NA
7977_01,NA
7978_01,NA
7978_02,NA
7979_01,NA
7980_01,NA
7991_01,NA
7991_02,NA
7991_03,NA
7991_04,NA
7992_01,NA
7997_01,NA
7998_01,NA
7998_02,NA
7998_03,NA
7998_04,NA
8001_01,NA
8002_01,NA
8008_01,NA
8009_01,NA
8011_01,NA
8013_01,NA
8017_01,NA
8022_01,NA
8028_01,NA
8033_01,NA
8039_01,NA
8039_02,NA
8040_01,NA
8041_01,NA
8041_02,NA
8044_01,NA
8045_01,NA
8047_01,NA
8048_01,NA
8051_01,NA
8051_02,NA
8061_01,NA
8061_02,NA
8062_01,NA
8065_01,NA
8070_01,NA
8073_01,NA
8074_01,NA
8080_01,NA
8090_01,NA
8093_01,NA
8095_01,NA
8096_01,NA
8099_01,NA
8100_01,NA
8101_01,NA
8104_01,NA
8109_01,NA
8110_01,NA
8111_01,NA
8113_01,NA
8113_02,NA
8113_03,NA
8113_04,NA
8114_01,NA
8125_01,NA
8125_02,NA
8126_01,NA
8127_01,NA
8132_01,NA
8134_01,NA
8142_01,NA
8145_01,NA
8146_01,NA
8151_01,NA
8154_01,NA
8155_01,NA
8160_01,NA
8163_01,NA
8166_01,NA
8169_01,NA
8170_01,NA
8172_01,NA
8174_01,NA
8179_01,NA
8180_01,NA
8181_01,NA
8181_02,NA
8181_03,NA
8183_01,NA
8184_01,NA
8185_01,NA
8187_01,NA
8188_01,NA
8193_01,NA
8195_01,NA
8196_01,NA
8196_02,NA
8198_01,NA
8201_01,NA
8206_01,NA
8215_01,NA
8223_01,NA
8228_01,NA
8230_01,NA
8234_01,NA
8236_01,NA
8240_01,NA
8241_01,NA
8245_01,NA
8245_02,NA
8246_01,NA
8249_01,NA
8250_01,NA
8253_01,NA
8256_01,NA
8258_01,NA
8262_01,NA
8263_01,NA
8269_01,NA
8274_01,NA
8278_01,NA
8283_01,NA
8284_01,NA
8284_02,NA
8285_01,NA
8286_01,NA
8290_01,NA
8293_01,NA
8296_01,NA
8299_01,NA
8304_01,NA
8304_02,NA
8304_03,NA
8305_01,NA
8305_02,NA
8305_03,NA
8308_01,NA
8309_01,NA
8311_01,NA
8312_01,NA
8325_01,NA
8325_02,NA
8327_01,NA
8331_01,NA
8337_01,NA
8340_01,NA
8340_02,NA
8340_03,NA
8347_01,NA
8349_01,NA
8350_01,NA
8351_01,NA
8352_01,NA
8353_01,NA
8355_01,NA
8357_01,NA
8357_02,NA
8358_01,NA
8359_01,NA
8361_01,NA
8361_02,NA
8361_03,NA
8361_04,NA
8361_05,NA
8364_01,NA
8367_01,NA
8370_01,NA
8370_02,NA
8372_01,NA
8385_01,NA
8385_02,NA
8385_03,NA
8387_01,NA
8389_01,NA
8391_01,NA
8396_01,NA
8399_01,NA
8400_01,NA
8400_02,NA
8400_03,NA
8402_01,NA
8402_02,NA
8402_03,NA
8408_01,NA
8408_02,NA
8412_01,NA
8413_01,NA
8415_01,NA
8417_01,NA
8422_01,NA
8424_01,NA
8425_01,NA
8425_02,NA
8426_01,NA
8426_02,NA
8428_01,NA
8434_01,NA
8435_01,NA
8436_01,NA
8439_01,NA
8440_01,NA
8440_02,NA
8440_03,NA
8443_01,NA
8443_02,NA
8445_01,NA
8445_02,NA
8445_03,NA
8446_01,NA
8450_01,NA
8450_02,NA
8450_03,NA
8453_01,NA
8455_01,NA
8461_01,NA
8464_01,NA
8464_02,NA
8473_01,NA
8473_02,NA
8478_01,NA
8478_02,NA
8484_01,NA
8485_01,NA
8488_01,NA
8490_01,NA
8496_01,NA
8497_01,NA
8498_01,NA
8499_01,NA
8501_01,NA
8505_01,NA
8507_01,NA
8510_01,NA
8510_02,NA
8513_01,NA
8515_01,NA
8517_01,NA
8517_02,NA
8518_01,NA
8519_01,NA
8520_01,NA
8520_02,NA
8525_01,NA
8525_02,NA
8526_01,NA
8526_02,NA
8527_01,NA
8529_01,NA
8531_01,NA
8532_01,NA
8533_01,NA
8534_01,NA
8534_02,NA
8534_03,NA
8534_04,NA
8538_01,NA
8543_01,NA
8543_02,NA
8543_03,NA
8543_04,NA
8543_05,NA
8543_06,NA
8543_07,NA
8543_08,NA
8546_01,NA
8547_01,NA
8550_01,NA
8553_01,NA
8555_01,NA
8555_02,NA
8555_03,NA
8558_01,NA
8562_01,NA
8563_01,NA
8564_01,NA
8565_01,NA
8565_02,NA
8565_03,NA
8567_01,NA
8567_02,NA
8567_03,NA
8568_01,NA
8568_02,NA
8575_01,NA
8576_01,NA
8578_01,NA
8579_01,NA
8582_01,NA
8583_01,NA
8583_02,NA
8590_01,NA
8591_01,NA
8593_01,NA
8600_01,NA
8601_01,NA
8608_01,NA
8621_01,NA
8622_01,NA
8625_01,NA
8627_01,NA
8630_01,NA
8632_01,NA
8632_02,NA
8647_01,NA
8648_01,NA
8648_02,NA
8648_03,NA
8649_01,NA
8651_01,NA
8652_01,NA
8655_01,NA
8660_01,NA
8662_01,NA
8665_01,NA
8666_01,NA
8676_01,NA
8677_01,NA
8677_02,NA
8677_03,NA
8678_01,NA
8678_02,NA
8679_01,NA
8682_01,NA
8686_01,NA
8689_01,NA
8690_01,NA
8690_02,NA
8692_01,NA
8692_02,NA
8692_03,NA
8697_01,NA
8698_01,NA
8699_01,NA
8702_01,NA
8705_01,NA
8706_01,NA
8707_01,NA
8711_01,NA
8713_01,NA
8713_02,NA
8715_01,NA
8718_01,NA
8724_01,NA
8725_01,NA
8726_01,NA
8730_01,NA
8731_01,NA
8737_01,NA
8738_01,NA
8739_01,NA
8740_01,NA
8742_01,NA
8745_01,NA
8746_01,NA
8747_01,NA
8747_02,NA
8748_01,NA
8748_02,NA
8756_01,NA
8758_01,NA
8758_02,NA
8761_01,NA
8763_01,NA
8763_02,NA
8763_03,NA
8765_01,NA
8767_01,NA
8767_02,NA
8768_01,NA
8768_02,NA
8768_03,NA
8775_01,NA
8777_01,NA
8778_01,NA
8778_02,NA
8784_01,NA
8788_01,NA
8792_01,NA
8793_01,NA
8793_02,NA
8793_03,NA
8793_04,NA
8793_05,NA
8795_01,NA
8800_01,NA
8800_02,NA
8800_03,NA
8800_04,NA
8800_05,NA
8803_01,NA
8804_01,NA
8804_02,NA
8804_03,NA
8804_04,NA
8804_05,NA
8810_01,NA
8814_01,NA
8829_01,NA
8832_01,NA
8837_01,NA
8839_01,NA
8839_02,NA
8846_01,NA
8846_02,NA
8847_01,NA
8851_01,NA
8855_01,NA
8857_01,NA
8859_01,NA
8866_01,NA
8870_01,NA
8870_02,NA
8873_01,NA
8873_02,NA
8873_03,NA
8875_01,NA
8875_02,NA
8875_03,NA
8877_01,NA
8877_02,NA
8879_01,NA
8882_01,NA
8887_01,NA
8888_01,NA
8893_01,NA
8893_02,NA
8895_01,NA
8895_02,NA
8898_01,NA
8908_01,NA
8909_01,NA
8911_01,NA
8912_01,NA
8913_01,NA
8913_02,NA
8913_03,NA
8914_01,NA
8915_01,NA
8916_01,NA
8917_01,NA
8921_01,NA
8924_01,NA
8925_01,NA
8925_02,NA
8925_03,NA
8925_04,NA
8925_05,NA
8925_06,NA
8927_01,NA
8929_01,NA
8931_01,NA
8933_01,NA
8934_01,NA
8935_01,NA
8936_01,NA
8943_01,NA
8946_01,NA
8949_01,NA
8950_01,NA
8951_01,NA
8952_01,NA
8953_01,NA
8957_01,NA
8958_01,NA
8960_01,NA
8960_02,NA
8960_03,NA
8962_01,NA
8963_01,NA
8965_01,NA
8971_01,NA
8974_01,NA
8979_01,NA
8980_01,NA
8980_02,NA
8980_03,NA
8980_04,NA
8980_05,NA
8980_06,NA
8980_07,NA
8984_01,NA
8990_01,NA
8991_01,NA
8994_01,NA
8994_02,NA
8995_01,NA
9000_01,NA
9002_01,NA
9005_01,NA
9016_01,NA
9016_02,NA
9016_03,NA
9016_04,NA
9016_05,NA
9017_01,NA
9022_01,NA
9022_02,NA
9022_03,NA
9025_01,NA
9025_02,NA
9027_01,NA
9033_01,NA
9039_01,NA
9040_01,NA
9044_01,NA
9045_01,NA
9045_02,NA
9047_01,NA
9050_01,NA
9051_01,NA
9053_01,NA
9053_02,NA
9054_01,NA
9055_01,NA
9056_01,NA
9058_01,NA
9062_01,NA
9062_02,NA
9063_01,NA
9065_01,NA
9067_01,NA
9067_02,NA
9070_01,NA
9070_02,NA
9082_01,NA
9083_01,NA
9083_02,NA
9086_01,NA
9086_02,NA
9087_01,NA
9088_01,NA
9090_01,NA
9091_01,NA
9092_01,NA
9093_01,NA
9095_01,NA
9096_01,NA
9096_02,NA
9100_01,NA
9102_01,NA
9105_01,NA
9109_01,NA
9113_01,NA
9117_01,NA
9121_01,NA
9123_01,NA
9133_01,NA
9135_01,NA
9138_01,NA
9143_01,NA
9143_02,NA
9143_03,NA
9146_01,NA
9146_02,NA
9146_03,NA
9147_01,NA
9153_01,NA
9154_01,NA
9155_01,NA
9155_02,NA
9155_03,NA
9155_04,NA
9162_01,NA
9162_02,NA
9162_03,NA
9166_01,NA
9171_01,NA
9177_01,NA
9177_02,NA
9182_01,NA
9187_01,NA
9187_02,NA
9191_01,NA
9198_01,NA
9200_01,NA
9204_01,NA
9206_01,NA
9206_02,NA
9206_03,NA
9207_01,NA
9209_01,NA
9210_01,NA
9212_01,NA
9212_02,NA
9214_01,NA
9215_01,NA
9216_01,NA
9223_01,NA
9223_02,NA
9228_01,NA
9229_01,NA
9232_01,NA
9236_01,NA
9238_01,NA
9238_02,NA
9238_03,NA
9238_04,NA
9238_05,NA
9238_06,NA
9238_07,NA
9240_01,NA
9243_01,NA
9245_01,NA
9249_01,NA
9255_01,NA
9258_01,NA
9260_01,NA
9262_01,NA
9263_01,NA
9265_01,NA
9266_01,NA
9266_02,NA
9269_01,NA
9271_01,NA
9273_01,NA
9277_01,NA
